Year,Total_Revenue,Total_Profit
2010,19186024.919999998,6629567.43
2011,11129166.07,2741008.23
2012,31898644.52,9213010.12
2013,20330448.66,6715420.04
2014,16630214.43,5879461.68
2015,12427982.86,3996539.44
2016,12372867.219999999,4903838.01
2017,13373419.629999999,4089353.45
